ISIN,Fund Reporting Period End Date,Currency,Excess of reporting income over distribution
LU0274208692,31/12/2024,USD,2.12670
LU2263803533,31/12/2024,USD,0.15320
LU0659579733,31/12/2024,EUR,0.80940
LU0274209237,31/12/2024,USD,2.74140
LU1242369327,31/12/2024,USD,0.00000
LU1184092051,31/12/2024,USD,0.47040
LU0274209740,31/12/2024,USD,1.25440
LU2581375230,31/12/2024,USD,0.37600
LU0927735406,31/12/2024,USD,0.50440
LU0659580079,31/12/2024,EUR,0.53150
LU1215827756,31/12/2024,CHF,0.41110
LU0274210672,31/12/2024,USD,1.50120
LU2581375073,31/12/2024,USD,0.02060
LU0274211217,31/12/2024,EUR,0.00000
LU0380865021,31/12/2024,EUR,2.41990
LU0274211480,31/12/2024,EUR,4.29940
LU1349386927,31/12/2024,EUR,0.00000
LU0274212538,31/12/2024,EUR,0.00000
LU0943504760,31/12/2024,CHF,2.14540
LU0274221281,31/12/2024,CHF,0.00000
LU0292097234,31/12/2024,GBP,0.07080
LU0292097317,31/12/2024,GBP,0.00000
LU0292097747,31/12/2024,GBP,0.02840
LU0292107645,31/12/2024,USD,1.37370
LU2675291913,31/12/2024,USD,0.07930
LU0292107991,31/12/2024,USD,1.12460
LU2296661775,31/12/2024,USD,0.10020
LU0292108619,31/12/2024,USD,1.84830
LU0292109005,31/12/2024,USD,0.98740
LU0292109187,31/12/2024,USD,0.96020
LU2928641757,31/12/2024,USD,0.00950
LU0292109344,31/12/2024,USD,3.24230
LU0292109690,31/12/2024,USD,0.32080
LU0292100046,31/12/2024,USD,0.64440
LU0292109856,31/12/2024,USD,0.95540
LU0292095535,31/12/2024,EUR,0.06720
LU0292096186,31/12/2024,EUR,0.62870
LU0292100806,31/12/2024,EUR,3.35750
LU0292103222,31/12/2024,EUR,3.30320
LU0292103651,31/12/2024,EUR,2.38980
LU0292104030,31/12/2024,EUR,2.28780
LU0292104469,31/12/2024,EUR,1.38890
LU0292104899,31/12/2024,EUR,5.44100
LU0292105359,31/12/2024,EUR,3.11870
LU0292106084,31/12/2024,EUR,3.26030
LU0292106167,31/12/2024,EUR,0.00000
LU0460391732,31/12/2024,USD,0.00000
LU0460391906,31/12/2024,GBP,0.00000
LU0292106241,31/12/2024,EUR,0.39510
LU0292106753,31/12/2024,EUR,0.20760
LU0322248146,31/12/2024,CHF,0.07950
LU0328473581,31/12/2024,GBP,0.11920
LU0322251520,31/12/2024,USD,0.06640
LU0397221945,31/12/2024,EUR,5.87290
LU0322252171,31/12/2024,USD,0.95220
LU0322252338,31/12/2024,USD,2.41770
LU2755521270,31/12/2024,USD,0.00000
LU0322252924,31/12/2024,USD,0.11310
LU0322250712,31/12/2024,EUR,3.86310
LU0328474803,31/12/2024,AUD,0.00000
LU0328475792,31/12/2024,EUR,3.49130
LU2581375156,31/12/2024,EUR,0.97750
LU1772333404,31/12/2024,EUR,3.33450
LU0322253229,31/12/2024,USD,2.32890
LU0322250985,31/12/2024,EUR,0.00000
LU0322253732,31/12/2024,USD,4.90460
LU0322253906,31/12/2024,USD,1.72100
LU0328476410,31/12/2024,USD,0.06620
LU0411078552,31/12/2024,USD,0.83720
LU0411075020,31/12/2024,EUR,0.03120
LU0411075376,31/12/2024,EUR,2.96940
LU2278080713,31/12/2024,USD,0.00000
LU0429790743,31/12/2024,EUR,0.00000
LU0411078636,31/12/2024,USD,0.00450
LU0779800910,31/12/2024,USD,0.50530
LU0476289540,31/12/2024,USD,1.78880
LU0476289623,31/12/2024,USD,0.32430
LU0476289466,31/12/2024,USD,0.20230
LU0486851024,31/12/2024,EUR,1.36990
LU0490618542,31/12/2024,USD,0.64830
LU2009147757,31/12/2024,USD,0.00000
LU2196472984,31/12/2024,EUR,0.04830
LU2196473016,31/12/2024,GBP,0.06430
LU0489337690,31/12/2024,EUR,0.65660
LU0514695690,31/12/2024,USD,0.30090
LU2456436083,31/12/2024,USD,0.00000
LU0514695187,31/12/2024,USD,0.00330
LU0514694370,31/12/2024,USD,0.37050
LU0514694701,31/12/2024,USD,0.48120
LU0592215403,31/12/2024,USD,0.02460
LU0592217524,31/12/2024,USD,0.16090
LU0592216393,31/12/2024,EUR,1.15840
LU0994505336,31/12/2024,EUR,0.14600
LU0659579147,31/12/2024,USD,0.06390
LU0659578842,31/12/2024,USD,0.06040
LU0659579063,31/12/2024,EUR,3.13170
LU1127514245,31/12/2024,USD,2.09700
LU0846194776,31/12/2024,EUR,0.00000
LU1127516455,31/12/2024,GBP,0.93330
LU1215828218,31/12/2024,CHF,0.58390
LU0838782315,31/12/2024,EUR,0.00000
LU1221100792,31/12/2024,USD,0.74100
LU1221102491,31/12/2024,CHF,0.52170
LU0838780707,31/12/2024,GBP,0.44990
LU2196470426,31/12/2024,JPY,181.02090
LU0839027447,31/12/2024,JPY,0.00000
LU1875395870,31/12/2024,EUR,0.02070
LU0875160326,31/12/2024,USD,0.07670
LU1310477036,31/12/2024,USD,0.28220
LU2376679564,31/12/2024,USD,0.22980
LU2469465822,31/12/2024,USD,0.78220
LU2788421340,31/12/2024,USD,1.00590
LU2859392081,31/12/2024,USD,0.01120
LU2859297330,31/12/2024,USD,0.01330
IE00B3Y8D011,31/12/2024,EUR,0.01290
IE00B9MRHC27,31/12/2024,EUR,0.14120
IE00B9MRJJ36,31/12/2024,EUR,0.08230
IE00BH361H73,31/12/2024,USD,1.16880
IE00BGHQ0G80,31/12/2024,EUR,0.50170
IE000VXC51U5,31/12/2024,EUR,0.44670
IE000WGF1X01,31/12/2024,USD,0.56640
IE00BJ0KDR00,31/12/2024,USD,1.74600
IE00BK1PV445,31/12/2024,USD,0.00000
IE00BG04M077,31/12/2024,EUR,1.22090
IE00BG04LZ52,31/12/2024,CHF,1.41680
IE00BLNMYC90,31/12/2024,USD,1.33460
IE000N5GJDD7,31/12/2024,GBP,0.01140
IE0002EI5AG0,31/12/2024,EUR,0.13690
IE000CXLGK86,31/12/2024,USD,0.49390
IE00BJ0KDQ92,31/12/2024,USD,1.61930
IE00BK1PV551,31/12/2024,USD,0.12710
IE000ONQ3X90,31/12/2024,EUR,0.15580
IE00BZ1BS790,31/12/2024,GBP,0.06920
IE0009KLWT21,31/12/2024,CHF,0.14300
IE00BP8FKB21,31/12/2024,EUR,1.42120
IE00BL25JN58,31/12/2024,USD,0.79430
IE00BL25JP72,31/12/2024,USD,0.65990
IE00BL25JL35,31/12/2024,USD,0.78960
IE00BL25JM42,31/12/2024,USD,1.36720
IE00BQXKVQ19,31/12/2024,USD,0.56430
IE00BM67HJ62,31/12/2024,GBP,1.98840
IE00BM67HW99,31/12/2024,EUR,0.80840
IE00BGJWX091,31/12/2024,EUR,0.07800
IE00BM67HX07,31/12/2024,GBP,1.01070
IE00B8KMSQ34,31/12/2024,CHF,0.53880
IE000Z9SJA06,31/12/2024,USD,0.11840
IE00BJZ2DD79,31/12/2024,USD,3.21870
IE00BJZ2DC62,31/12/2024,USD,0.47700
IE000TSML5I8,31/12/2024,EUR,0.10550
IE00BPVLQD13,31/12/2024,JPY,3.67150
IE00BPVLQF37,31/12/2024,GBP,0.00000
IE00BRB36B93,31/12/2024,EUR,0.44090
IE00BTGD1B38,31/12/2024,USD,0.53730
IE00BFMKQC67,31/12/2024,USD,2.63570
IE00BZ036H21,31/12/2024,USD,0.01660
IE00BZ036J45,31/12/2024,EUR,0.00000
IE00BG04LY46,31/12/2024,GBP,0.13490
IE00BMCFJ320,31/12/2024,MXN,269.58650
IE00BM67HL84,31/12/2024,USD,0.70490
IE00BM67HK77,31/12/2024,USD,0.66440
IE00BM67HN09,31/12/2024,USD,1.01350
IE00BM67HM91,31/12/2024,USD,1.62240
IE00BM67HT60,31/12/2024,USD,0.29650
IE00BM67HP23,31/12/2024,USD,0.47510
IE00BM67HV82,31/12/2024,USD,0.84600
IE00BM67HR47,31/12/2024,USD,0.22910
IE00BM67HS53,31/12/2024,USD,1.17990
IE00BM67HQ30,31/12/2024,USD,0.97060
IE0004KLW911,31/12/2024,USD,0.37840
IE00BD4DX952,31/12/2024,USD,0.00000
IE00BD4DXB77,31/12/2024,EUR,0.00000
IE000UX5WPU4,31/12/2024,EUR,0.29170
IE00BYPHT736,31/12/2024,EUR,0.05210
IE00BDGN9Z19,31/12/2024,EUR,0.00000
IE00BDB7J586,31/12/2024,USD,0.00000
IE00BTJRMP35,31/12/2024,USD,1.31120
IE000GWA2J58,31/12/2024,USD,0.00000
IE00BGQYRR35,31/12/2024,USD,0.00000
IE00BGQYRQ28,31/12/2024,USD,0.39890
IE00BCHWNS19,31/12/2024,USD,0.00000
IE00BCHWNT26,31/12/2024,USD,0.05300
IE00BCHWNW54,31/12/2024,USD,0.00970
IE00BGQYRS42,31/12/2024,USD,0.00000
IE00BDR5HN05,31/12/2024,USD,0.67930
IE00BDR5HM97,31/12/2024,USD,0.12810
IE00BG04LT92,31/12/2024,EUR,1.13210
IE00BG04LV15,31/12/2024,GBP,0.12860
IE00BF8J5974,31/12/2024,USD,0.25240
IE00BFMKQ930,31/12/2024,EUR,0.89530
IE00BCHWNQ94,31/12/2024,USD,0.00000
IE00BG36TC12,31/12/2024,USD,0.31560
IE00BZ02LR44,31/12/2024,USD,0.47940
IE000E4BATC9,31/12/2024,USD,0.00430
IE00BMY76136,31/12/2024,EUR,0.79380
IE00BFMNHK08,31/12/2024,EUR,0.83530
IE0004ZJGWT9,31/12/2024,EUR,0.21050
IE00BFMNPS42,31/12/2024,USD,0.50150
IE000UMV0L21,31/12/2024,USD,0.00180
IE0000MMQ5M5,31/12/2024,EUR,0.07090
IE00BDVPTJ63,31/12/2024,USD,0.08440
IE00BGV5VM45,31/12/2024,EUR,0.00000
IE00BGV5VN51,31/12/2024,USD,0.76100
IE00BGV5VR99,31/12/2024,USD,1.66950
IE00BG370F43,31/12/2024,USD,1.05070
IE00BL58LJ19,31/12/2024,USD,2.00740
IE00BL58LL31,31/12/2024,EUR,1.62280
IE00BM97MR69,31/12/2024,USD,2.87370
IE00BM97MV06,31/12/2024,MXN,353.43460
IE00BNC1G699,31/12/2024,EUR,1.63360
IE00BNC1G707,31/12/2024,USD,0.00000
IE00BCHWNV48,31/12/2024,USD,0.00000
IE00BMFKG444,31/12/2024,USD,0.22020
IE000MCVFK47,31/12/2024,EUR,0.77230
IE00028H9QJ8,31/12/2024,EUR,1.08860
IE000X63FXN4,31/12/2024,GBP,0.00000
IE0003W9O921,31/12/2024,USD,1.32380
IE00BNKF6C99,31/12/2024,EUR,1.59170
IE000Y6L6LE6,31/12/2024,EUR,1.34730
IE000UZCJS58,31/12/2024,USD,0.68110
IE0006GNB732,31/12/2024,EUR,1.67200
IE0006YM7D84,31/12/2024,USD,2.41960
IE000WHO5BF2,31/12/2024,GBP,0.52870
IE000YDOORK7,31/12/2024,USD,0.24310
IE000KD0BZ68,31/12/2024,USD,0.09840
IE0006FFX5U1,31/12/2024,USD,0.10650
IE000XOQ9TK4,31/12/2024,USD,0.17190
IE0001JH5CB4,31/12/2024,EUR,0.92260
IE00074JLU02,31/12/2024,USD,0.53150
IE0002ZM3JI1,31/12/2024,USD,0.46230
IE000QVYFUT7,31/12/2024,USD,2.37520
IE000TZT8TI0,31/12/2024,USD,0.88730
IE0007ULOZS8,31/12/2024,USD,0.53940
IE0004MFRED4,31/12/2024,USD,0.73480
IE000IDLWOL4,31/12/2024,EUR,0.17040
IE0005E47AH7,31/12/2024,USD,0.24380
IE000V0GDVU7,31/12/2024,USD,0.52010
IE000Y6ZXZ48,31/12/2024,USD,0.49440
IE000PSF3A70,31/12/2024,USD,0.46680
IE00036F4K40,31/12/2024,USD,0.33330
IE0007WJ6B10,31/12/2024,USD,0.79800
IE000JZYIUN0,31/12/2024,USD,0.24520
IE0006FDYJF8,31/12/2024,USD,0.00000
IE000GYDNJS5,31/12/2024,USD,0.00000
IE000W6L2AI3,31/12/2024,EUR,1.03680
IE000N9MLVT1,31/12/2024,EUR,1.02640
IE000P4AYI47,31/12/2024,USD,0.59340
IE000HT7E0B1,31/12/2024,EUR,0.71680
IE0008YN0OY8,31/12/2024,USD,0.62500
IE000TL3PL69,31/12/2024,USD,0.55410
IE0003NQ0IY5,31/12/2024,USD,0.46870
IE000LAUZQT6,31/12/2024,USD,0.89400
IE000VCBWFL8,31/12/2024,EUR,0.00000
IE000WQ16XQ4,31/12/2024,EUR,0.00000
IE000V04SL39,31/12/2024,USD,0.05730
IE000NS5HRY9,31/12/2024,USD,0.17050
IE000VMAR5O6,31/12/2024,EUR,0.75410
IE000DNSAS54,31/12/2024,USD,0.74690
IE000LOSV2D0,31/12/2024,USD,0.30140
IE000E0V65D8,31/12/2024,USD,0.56490
IE000L2IS494,31/12/2024,USD,0.62120
IE0006WW1TQ4,31/12/2024,USD,0.56370
IE00BYZNF849,31/12/2024,USD,0.20950
IE00BN2BCY94,31/12/2024,USD,0.14670
LU0290355717,31/12/2024,EUR,5.53550
LU0643975591,31/12/2024,EUR,0.36560
LU2009147591,31/12/2024,USD,1.59080
LU2523866023,31/12/2024,GBP,0.05530
LU0290356871,31/12/2024,EUR,4.73160
LU0614173549,31/12/2024,EUR,2.36680
LU0290356954,31/12/2024,EUR,5.41110
LU0614173895,31/12/2024,EUR,2.24510
LU2606231335,31/12/2024,USD,0.23900
LU2606231418,31/12/2024,GBP,0.13760
LU0290357176,31/12/2024,EUR,6.32520
LU2523865728,31/12/2024,GBP,0.08980
LU0290357259,31/12/2024,EUR,7.06830
LU2523865991,31/12/2024,USD,0.23720
LU0290357507,31/12/2024,EUR,9.03240
LU0290357846,31/12/2024,EUR,9.59510
LU0290357929,31/12/2024,EUR,5.32320
LU0962078753,31/12/2024,EUR,3.17550
LU0641007009,31/12/2024,USD,0.62310
LU0641007264,31/12/2024,GBP,0.39590
LU0641007421,31/12/2024,CHF,1.42650
LU0908508814,31/12/2024,EUR,0.57430
LU0290358224,31/12/2024,EUR,4.66290
LU0290358497,31/12/2024,EUR,4.39000
LU0335044896,31/12/2024,EUR,0.25160
LU0321462870,31/12/2024,EUR,0.00000
LU0321462953,31/12/2024,EUR,18.54320
LU2361257269,31/12/2024,EUR,0.24750
LU1920015440,31/12/2024,USD,2.38140
LU0677077884,31/12/2024,USD,0.02780
LU0321463258,31/12/2024,EUR,1.87060
LU0321463506,31/12/2024,EUR,2.46920
LU0321465469,31/12/2024,USD,9.21850
LU0321464652,31/12/2024,GBP,0.24200
LU0378818131,31/12/2024,EUR,5.57310
LU0690964092,31/12/2024,EUR,0.00000
LU0641006290,31/12/2024,GBP,0.11760
LU0641006456,31/12/2024,USD,0.32850
LU0641006613,31/12/2024,CHF,4.02850
LU0908508731,31/12/2024,EUR,6.11270
LU0378818560,31/12/2024,SGD,3.35390
LU1920015796,31/12/2024,USD,0.32490
LU0429459356,31/12/2024,USD,1.92490
LU2610432036,31/12/2024,GBP,0.36960
LU1399300455,31/12/2024,EUR,0.87100
LU1920015523,31/12/2024,USD,0.33790
LU0429458895,31/12/2024,USD,2.92550
LU0478205379,31/12/2024,EUR,5.25050
LU0478205965,31/12/2024,EUR,0.10840
LU0643975161,31/12/2024,EUR,4.17590
LU0468896575,31/12/2024,EUR,1.61320
LU2523866379,31/12/2024,USD,0.15160
LU2523866296,31/12/2024,GBP,0.05570
LU0468897110,31/12/2024,EUR,2.14900
LU0484968903,31/12/2024,EUR,0.21740
LU0484968812,31/12/2024,EUR,1.23840
LU0484969463,31/12/2024,EUR,3.44980
LU0524480265,31/12/2024,EUR,4.61420
LU0962071741,31/12/2024,EUR,0.11200
LU0494592974,31/12/2024,AUD,8.91330
LU0613540268,31/12/2024,EUR,0.00000
LU0820950128,31/12/2024,EUR,3.79060
LU0925589839,31/12/2024,EUR,4.13030
LU2552296563,31/12/2024,EUR,0.05610
LU0952581584,31/12/2024,JPY,6.08400
LU0942970103,31/12/2024,USD,0.09230
LU0942970285,31/12/2024,USD,1.67010
LU0942970368,31/12/2024,GBP,0.80990
LU0942970442,31/12/2024,CHF,0.49360
LU0942970798,31/12/2024,EUR,0.65750
LU1109943388,31/12/2024,EUR,1.37430
LU1109942653,31/12/2024,EUR,0.29030
LU1109939865,31/12/2024,EUR,0.00000
LU1094612022,31/12/2024,USD,0.24260
LU2178481649,31/12/2024,EUR,1.69650
LU2462217071,31/12/2024,EUR,0.25660
LU2385068163,31/12/2024,EUR,0.08580
LU2385068247,31/12/2024,GBP,0.00000
LU2385068320,31/12/2024,USD,0.13050
LU2385068593,31/12/2024,EUR,0.10530
LU2468423459,31/12/2024,EUR,0.69010
LU2504532131,31/12/2024,USD,1.60210
LU2504532487,31/12/2024,EUR,0.63060
LU2504537445,31/12/2024,EUR,0.74720
LU2158769930,31/12/2024,USD,0.00000
LU2641054122,31/12/2024,EUR,1.15030
LU2641053827,31/12/2024,EUR,1.16260
LU2641054551,31/12/2024,EUR,1.03230
LU2673523218,31/12/2024,EUR,0.33640
LU2673523309,31/12/2024,EUR,0.44400
LU2673523481,31/12/2024,EUR,0.61680
LU2673523564,31/12/2024,EUR,0.63890
LU2662649503,31/12/2024,USD,0.87370
LU2662649685,31/12/2024,USD,0.74990
LU2662649412,31/12/2024,USD,1.08390
LU2810185665,31/12/2024,EUR,0.15480
LU2809864296,31/12/2024,EUR,0.17900
LU2809864452,31/12/2024,EUR,0.18050
LU2809864619,31/12/2024,EUR,0.20630
